Ref,Val,Package,PosX,PosY,Rot,Side
"J2","JST-PH 2,0","JST_PH_S2B-PH-K_1x02_P2.00mm_Horizontal",100.500000,-100.000000,180.000000,bottom
"OS1","TCRT5000 links","Vishay_TCRT5000",118.250000,-65.550000,0.000000,bottom
"OS2","TCRT5000 rechts","Vishay_TCRT5000",141.750000,-63.010000,180.000000,bottom
"C1","100u/10V","CP_Radial_D6.3mm_P2.50mm",109.750000,-103.000000,0.000000,top
"C2","10u/25V","C_0805_2012Metric",120.000000,-92.000000,0.000000,top
"C3","100n","C_0805_2012Metric",122.000000,-77.000000,0.000000,top
"C4","100n","C_0805_2012Metric",138.000000,-77.000000,0.000000,top
"C5","100n","C_0805_2012Metric",124.000000,-92.000000,0.000000,top
"C6","10u/25V","C_0805_2012Metric",128.000000,-92.000000,0.000000,top
"C7","100n","C_0805_2012Metric",132.000000,-92.000000,0.000000,top
"C8","100n","C_0805_2012Metric",136.000000,-92.000000,0.000000,top
"C9","100n","C_0805_2012Metric",126.000000,-87.000000,0.000000,top
"C10","100n","C_0805_2012Metric",134.000000,-87.000000,0.000000,top
"C11","47u/10V","CP_Radial_D5.0mm_P2.00mm",111.000000,-67.500000,0.000000,top
"C12","47u/10V","CP_Radial_D5.0mm_P2.00mm",147.000000,-67.500000,0.000000,top
"D1","1N5819","D_DO-41_SOD81_P7.62mm_Horizontal",108.190000,-82.000000,0.000000,top
"D2","1N5819","D_DO-41_SOD81_P7.62mm_Horizontal",144.190000,-82.000000,0.000000,top
"LED1","gelb - vorne links","LED_D3.0mm",97.730000,-62.600000,0.000000,top
"LED2","gelb - vorne rechts","LED_D3.0mm",159.730000,-62.600000,0.000000,top
"LED3","rot - hinten links","LED_D3.0mm",97.730000,-109.500000,0.000000,top
"LED4","rot - hinten rechts","LED_D3.0mm",159.730000,-109.500000,0.000000,top
"M1","Vibrationsmotor links","PinHeader_1x02_P2.54mm_Vertical",97.730000,-68.500000,90.000000,top
"M2","Vibrationsmotor rechts","PinHeader_1x02_P2.54mm_Vertical",159.730000,-68.500000,90.000000,top
"Q1","AO3400A","SOT-23",110.000000,-77.000000,0.000000,top
"Q2","AO3400A","SOT-23",150.600000,-77.000000,0.000000,top
"R1","100R","R_0805_2012Metric_Pad1.20x1.40mm_HandSolder",114.000000,-77.000000,0.000000,top
"R2","100R","R_0805_2012Metric_Pad1.20x1.40mm_HandSolder",146.500000,-77.000000,0.000000,top
"R3","100k","R_0805_2012Metric_Pad1.20x1.40mm_HandSolder",118.000000,-77.000000,0.000000,top
"R4","100k","R_0805_2012Metric_Pad1.20x1.40mm_HandSolder",142.000000,-77.000000,0.000000,top
"R5","150R","R_0805_2012Metric_Pad1.20x1.40mm_HandSolder",108.190000,-87.000000,0.000000,top
"R6","150R","R_0805_2012Metric_Pad1.20x1.40mm_HandSolder",144.190000,-87.000000,0.000000,top
"R7","10k","R_0805_2012Metric_Pad1.20x1.40mm_HandSolder",108.190000,-92.000000,0.000000,top
"R8","10k","R_0805_2012Metric_Pad1.20x1.40mm_HandSolder",144.190000,-92.000000,0.000000,top
"R9","220R","R_Axial_DIN0207_L6.3mm_D2.5mm_P7.62mm_Horizontal",102.690000,-62.600000,0.000000,top
"R10","220R","R_Axial_DIN0207_L6.3mm_D2.5mm_P7.62mm_Horizontal",149.690000,-62.600000,0.000000,top
"R11","220R","R_Axial_DIN0207_L6.3mm_D2.5mm_P7.62mm_Horizontal",103.190000,-109.500000,0.000000,top
"R12","220R","R_Axial_DIN0207_L6.3mm_D2.5mm_P7.62mm_Horizontal",149.190000,-109.500000,0.000000,top
"R16","100k","R_0805_2012Metric_Pad1.20x1.40mm_HandSolder",150.000000,-104.000000,90.000000,top
"R17","100k","R_0805_2012Metric_Pad1.20x1.40mm_HandSolder",154.000000,-104.000000,-90.000000,top
"S1","Schiebeschalter","SW_Slide_SPDT_Straight_CK_OS102011MS2Q",140.000000,-109.000000,0.000000,top
"U1","ESP32-DevKitC V4","ESP32-DevKitC",107.140000,-97.700000,90.000000,top
"U2","TP4056-Modul","PinHeader_1x06_P2.54mm_Vertical",98.500000,-78.650000,0.000000,top
"U5","MT3608 auf 5,00V","PinHeader_1x04_P2.54mm_Vertical",161.500000,-97.000000,0.000000,top
"U6","GY-521 MPU-6050","PinHeader_1x04_P2.54mm_Vertical",126.190000,-103.000000,90.000000,top
"U7","GY-530 VL53L0X","PinHeader_1x04_P2.54mm_Vertical",126.190000,-68.000000,90.000000,top
