"Referenzen","Wert","Fussabdruck","Menge","Hinweis"
"BT1","LiPo 3,7V 500mAh","","1",""
"C1","100u/10V","Capacitor_THT:CP_Radial_D6.3mm_P2.50mm","1",""
"C2,C6","10u/25V","Capacitor_SMD:C_0805_2012Metric","2",""
"C3-C5,C7-C10","100n","Capacitor_SMD:C_0805_2012Metric","7",""
"C11,C12","47u/10V","Capacitor_THT:CP_Radial_D5.0mm_P2.00mm","2",""
"D1,D2","1N5819","Diode_THT:D_DO-41_SOD81_P7.62mm_Horizontal","2",""
"J2","JST-PH 2,0","Connector_JST:JST_PH_S2B-PH-K_1x02_P2.00mm_Horizontal","1",""
"LED1","gelb - vorne links","LED_THT:LED_D3.0mm","1",""
"LED2","gelb - vorne rechts","LED_THT:LED_D3.0mm","1",""
"LED3","rot - hinten links","LED_THT:LED_D3.0mm","1",""
"LED4","rot - hinten rechts","LED_THT:LED_D3.0mm","1",""
"M1","Vibrationsmotor links","Connector_PinHeader_2.54mm:PinHeader_1x02_P2.54mm_Vertical","1","Motor sitzt abgesetzt, Anschluss ueber zwei Loetaugen"
"M2","Vibrationsmotor rechts","Connector_PinHeader_2.54mm:PinHeader_1x02_P2.54mm_Vertical","1","Motor sitzt abgesetzt, Anschluss ueber zwei Loetaugen"
"OS1","TCRT5000 links","OptoDevice:Vishay_TCRT5000","1",""
"OS2","TCRT5000 rechts","OptoDevice:Vishay_TCRT5000","1",""
"Q1,Q2","AO3400A","Package_TO_SOT_SMD:SOT-23","2",""
"R1,R2","100R","Resistor_SMD:R_0805_2012Metric_Pad1.20x1.40mm_HandSolder","2",""
"R3,R4,R16,R17","100k","Resistor_SMD:R_0805_2012Metric_Pad1.20x1.40mm_HandSolder","4",""
"R5,R6","150R","Resistor_SMD:R_0805_2012Metric_Pad1.20x1.40mm_HandSolder","2",""
"R7,R8","10k","Resistor_SMD:R_0805_2012Metric_Pad1.20x1.40mm_HandSolder","2",""
"R9-R12","220R","Resistor_THT:R_Axial_DIN0207_L6.3mm_D2.5mm_P7.62mm_Horizontal","4",""
"S1","Schiebeschalter","Button_Switch_THT:SW_Slide_SPDT_Straight_CK_OS102011MS2Q","1",""
"U1","ESP32-DevKitC V4","PCM_Espressif:ESP32-DevKitC","1",""
"U2","TP4056-Modul","Connector_PinHeader_2.54mm:PinHeader_1x06_P2.54mm_Vertical","1",""
"U5","MT3608 auf 5,00V","Connector_PinHeader_2.54mm:PinHeader_1x04_P2.54mm_Vertical","1",""
"U6","GY-521 MPU-6050","Connector_PinHeader_2.54mm:PinHeader_1x04_P2.54mm_Vertical","1",""
"U7","GY-530 VL53L0X","Connector_PinHeader_2.54mm:PinHeader_1x04_P2.54mm_Vertical","1",""
